{
  "loss_name": "MSE",
  "training_time": 2267.084954738617,
  "train_metrics": {
    "train_losses": [
      0.48274372724427594,
      0.4502060372680458,
      0.4357589474400651,
      0.4290558742085183,
      0.425655922970014,
      0.42381419294379963,
      0.42285523897981836,
      0.4222008146366731,
      0.42216221645721325,
      0.42196731186683645,
      0.4219345603083795,
      0.4220953900744667,
      0.42200124158022684,
      0.422110204010916,
      0.4217909661789449
    ],
    "val_losses": [
      0.4071975119953178,
      0.3972950289155453,
      0.3900104597602414,
      0.3888221381712918,
      0.38773147798095825,
      0.3872075612776246,
      0.38724146103356866,
      0.387267883245184,
      0.3871381398307669,
      0.3869959138840483,
      0.3869831747183982,
      0.38698277038909273,
      0.38704136497639063,
      0.3870152333201452,
      0.387009052625948
    ],
    "final_train_loss": 0.4217909661789449,
    "final_val_loss": 0.387009052625948,
    "epochs_trained": 15,
    "early_stopped": true
  },
  "test_metrics": {
    "mae": 0.2049388587474823,
    "mse": 0.15727941691875458,
    "rmse": 0.396584689617157,
    "mape": 11.670333862304688,
    "mspe": 15570332.0
  },
  "final_train_loss": 0.4217909661789449,
  "final_val_loss": 0.387009052625948,
  "epochs_trained": 15,
  "early_stopped": true
}